{"\u6c99\u6cb3\u8857\u9053\u6c99\u6cb3\u4e1c\u8def\u4e16\u7eaa\u6751": [113.97225956920066, 22.53954100311121], "\u9e3f\u4e30\u5927\u9152\u5e97": [113.91880922357747, 22.51821630457622], "\u79d1\u6280\u56ed\u534e\u6da6\u57ce": [113.96138108947842, 22.551806693240444], "\u534e\u4fa8\u57ce\u9999\u5c71\u7f8e\u5885": [113.97604035742981, 22.556631072162002], "\u5927\u51b2\u5bbf\u79be\u670d\u52a1\u5f0f\u516c\u5bd3": [113.95870395939846, 22.547376011284285], "\u9526\u7ee3\u82b1\u56ed": [114.00198369004104, 22.540953741152695], "\u86c7\u53e3\u8857\u9053\u4e1c\u89d2\u5934\u6e2f\u6e7e\u82b1\u56ed": [113.94134231898232, 22.492586375876492], "\u851a\u84dd\u6d77\u5cb8": [113.94216552615137, 22.513744468192044], "\u86c7\u53e3\u8857\u9053\u56db\u6d77\u516c\u5bd3": [113.93806009031104, 22.499589741306938], "\u5b9d\u80fd\u592a\u53e4\u57ce\u5317\u533a": [113.94556103114742, 22.507024377658546], "\u84dd\u6708\u6e7e\u7554": [113.94219364311384, 22.50969425718587], "\u4e3d\u5c71\u8def\u897f\u6e56\u6797\u8bed": [113.97194381481401, 22.59883996116785], "\u897f\u4e3d\u9633\u5149\u5de5\u4e1a\u533a": [113.93985131149735, 22.639957537908582], "\u86c7\u53e3\u8857\u9053\u6d77\u5883\u754c": [113.94202000065881, 22.497575960916862], "\u5357\u5934\u8857\u9053\u9e92\u9e9f\u82b1\u56ed": [113.93771918337012, 22.550014227399874], "\u4e2d\u6d32\u4e07\u8c6a\u9152\u5e97": [113.93981699622687, 22.523178997720063], "\u897f\u4e3d\u8857\u9053\u5fb7\u610f\u540d\u5c45": [113.96795497902882, 22.596468621870383], "\u6d77\u5cb8\u660e\u73e0": [113.93823094801897, 22.521331237698977], "\u534a\u5c9b\u57ce\u90a6": [113.93870974485564, 22.486048826608837], "\u5357\u5c71\u8857\u9053\u53cb\u90bb\u516c\u5bd3": [113.93626752166647, 22.53712456879164], "\u5357\u5c71\u8857\u9053\u73b0\u4ee3\u57ce\u534e\u5ead": [113.93114349720871, 22.522833300989127], "\u5357\u5c71\u8857\u9053\u9633\u5149\u68d5\u6988\u56ed": [113.9190770084499, 22.531694028185573], "?\u83b2\u82b1\u8857\u9053\u666f\u871c\u6751": [114.04470251872338, 22.561357825030154], "\u9999\u871c\u65b0\u6751\u4e1c\u533a": [114.04910089199045, 22.552567196977932], "\u534e\u5bcc\u8857\u9053\u798f\u83b2\u82b1\u56ed": [114.07558293841585, 22.551547767201782], "\u4fa8\u9999\u6751": [114.01987676799675, 22.558627293947744], "\u78a7\u534e\u5ead\u5c45\u7fe0\u56ed": [114.05706877203077, 22.568887883277284], "\u798f\u534e\u65b0\u6751": [114.07476116853559, 22.54039362135153], "\u798f\u6e2f\u8def\u897f\u9633\u5149\u57ce\u5e02": [114.07841604038315, 22.530438155373183], "\u8d8a\u4f17\u5c0f\u533a": [114.01769541272759, 22.54296154145358], "\u6c99\u5634\u6751\u4e00\u574a": [114.04475318315414, 22.522532923037144], "\u7af9\u5b50\u6797\u8d8a\u6d77\u5bb6\u56ed\u4f9d\u5c71\u9601": [114.01322283942542, 22.541773805135374], "\u798f\u4fdd\u8857\u9053\u660e\u6708\u82b1\u56ed": [114.06196480655018, 22.530253903911156], "\u534e\u5f3a\u5317\u8857\u9053\u822a\u82d1\u5927\u53a6\u897f\u5ea7": [114.07695024923213, 22.55307419711376], "\u798f\u4fdd\u8857\u9053\u7ea2\u6811\u798f\u82d1": [114.05238716303651, 22.515529647968922], "\u76ca\u7530\u82b1\u56ed\u8c6a\u56ed\u5c45": [114.06361607173808, 22.520370165590858], "\u56ed\u5cad\u65b0\u6751": [114.10707052280229, 22.56038652152341], "\u5357\u56ed\u8857\u9053\u5357\u56ed\u8def232\u53f7\u5de5\u884c\u516c\u5bd3": [114.09424802012654, 22.54412139567128], "\u6885\u4e1c\u4e09\u8def\u534a\u5c71\u5fa1\u666f": [114.07724462394766, 22.578503308771314], "\u6c11\u6cbb\u8857\u9053\u4e30\u6cfd\u6e56\u5c71\u5e84": [114.06128209436282, 22.600756321472957], "\u9f99\u534e\u5706\u9152\u5e97": [114.0302312661152, 22.658547741645076], "\u89c2\u6f9c\u6e56\u9ad8\u5c14\u592b\u5927\u5b85\u6606\u58eb\u987f\u533a": [114.06121723670502, 22.72129202561525], "\u6c11\u6cbb\u8857\u9053\u91d1\u5730\u6885\u9647\u9547": [114.0388216718737, 22.63668670553072], "\u9f99\u534e\u8857\u9053\u65b0\u534e\u82d12\u671f": [114.04295765010139, 22.661000790954443], "\u6c11\u6cbb\u8857\u9053\u7fd4\u9f99\u5fa1\u5ead": [114.01468150791206, 22.642997390883377], "\u91d1\u5730\u4e0a\u5858\u90531\u671f": [114.0287611891486, 22.64004192822752], "\u89c2\u6e56\u8857\u9053\u62db\u5546\u89c2\u56ed": [114.06779462964691, 22.69486727885518], "\u534e\u4e1a\u73ab\u7470\u56db\u5b632\u671f": [114.026980028984, 22.630746002709405], "\u6c11\u6cbb\u8857\u9053\u6885\u9f99\u82d1": [114.04284060089348, 22.650616987678774], "\u89c2\u6e56\u8857\u9053\u61ff\u82b1\u56ed": [114.07031096304063, 22.698718017282154], "\u89c2\u6f9c\u8857\u9053\u534e\u76db\u5cf0\u835f\u540d\u5ead2\u671f": [114.04963610241312, 22.71759277831846], "\u5609\u9716\u00b7\u9f99\u79a7\uff08\u9f99\u79a7\u96c5\u82d1\uff09": [114.25131862493589, 22.74550169113404], "\u534e\u6d69\u6e90": [114.13134498343764, 22.62990695976169], "\u5742\u7530\u8857\u9053\u8354\u56ed\u65b0\u6751": [114.07762281056723, 22.64247738355167], "\u9f99\u57ce\u8857\u9053\u4e07\u8c61\u5929\u6210": [114.26080023959057, 22.730083905467144], "\u5e03\u5409\u8857\u9053\u767e\u5408\u5c71\u5e84": [114.1267700033074, 22.601271984114867], "\u5e73\u6e56\u7279\u529b\u5546\u53a6": [114.13844096815029, 22.704819025850632], "\u4e2d\u6d77\u5eb7\u57ce": [114.21333862730876, 22.713282432159918], "\u9f99\u57ce\u8857\u9053\u4e1c\u65b9\u6c81\u56ed": [114.23095520682858, 22.73142066316039], "\u5e03\u6f9c\u8def\u5c1a\u5cf0\u82b1\u56ed": [114.1445998405552, 22.629976178290605], "\u9f99\u5c97\u8857\u9053\u5b9d\u80fd\u60a6\u6f9c\u5c71": [114.25721303619876, 22.74113190554186], "\u6843\u6e90\u5c45": [113.85007250292658, 22.741810355644148], "\u822a\u57ce\u8857\u9053\u5357\u822a\u660e\u73e0\u82b1\u56ed": [113.84913619909383, 22.61126963078637], "\u65b0\u5b89\u8857\u905335\u533a\u5b89\u4e50\u82b1\u56ed": [113.91077298248787, 22.5570043855468], "\u77f3\u5ca9\u8857\u9053\u4f0a\u9686\u8fbe\u5de5\u4e1a\u56ed": [113.94855274781688, 22.699596560787967], "\u5b9d\u5b89\u5927\u9053\u4e0e\u88d5\u5b89\u4e00\u8def\u4ea4\u6c47\u5904\u5361\u7f57\u793e\u533a": [113.89669563684564, 22.567886597241444], "\u677e\u5c97\u8857\u9053\u78a7\u5934\u793e\u533a\u534e\u90fd\u516c\u5bd3": [113.81954906984366, 22.787929054095862], "\u524d\u6d77\u94c2\u5bd3": [113.8687115337775, 22.561312518268444], "\u798f\u6c38\u8857\u9053\u661f\u822a\u534e\u5e9c": [113.83964515223131, 22.64882623992939], "\u897f\u4e61\u6211\u4eec\u5bb6\u516c\u5bd3\uff08\u6d77\u6e7e\u5bb62\u53f7\u697c\uff09": [113.86830765562034, 22.593794100624052], "\u660e\u7389\u8def11\u53f7\u82b1\u6837\u5e74\u00b7\u82b1\u90e1": [113.88866191101147, 22.57040619298798], "\u7f57\u6e56\u6751\u4e94\u574a": [114.12781922414271, 22.54169594641805], "\u7530\u8d1d\u4e8c\u8def\u91d1\u7fe0\u56ed": [114.13545383283893, 22.567368138269867], "\u7ea2\u6842\u8def\u7ea2\u6842\u4e00\u885750\u53f7\u73af\u4fdd\u5927\u9662": [114.11193890837643, 22.55364593104554], "\u957f\u57ce\u5927\u9152\u5e97": [114.11327475963546, 22.556514839153838], "\u9f99\u7530\u8857\u9053\u4e1c\u57ce\u5927\u53a6\u7ef4\u4e5f\u7eb3\u9152\u5e97": [114.37021600660297, 22.766888036760957], "\u9f99\u7530\u8857\u9053\u91d1\u8302\u56ed\u9152\u5e97": [114.36287900652209, 22.70682707405796], "\u576a\u5c71\u8857\u9053\u4e07\u79d1\u91d1\u57df\u7f07\u9999": [114.3478155909219, 22.713886678991166], "\u576a\u5c71\u8857\u9053\u6613\u6797\u6e90\u9152\u5e97": [114.34213037524951, 22.70080516777538], "?\u6c99\u5934\u89d2\u8857\u9053\u4e0a\u4e1c\u6e7e": [114.23534926822917, 22.55605316033337], "?\u516c\u660e\u8857\u9053\u632f\u660e\u8def\u5357\u5e84\u5408\u4f17\u8c6a\u5ead\u540e\u9762\u4e09\u5df7": [113.91396565009983, 22.779435251957587], "?\u4e07\u8c6a\u9152\u5e97": [114.46570300770445, 22.575765028578033], "?\u897f\u6d77\u6e7e\u82b1\u56ed": [113.93727227637905, 22.520078045069116], "\u540e\u6d77\u96c5\u56ed": [113.94234536691442, 22.49916084296143], "\u96cd\u666f\u8f69\u8d4f\u6e56\u9601": [113.93403487315271, 22.500290266813266], "\u6851\u6cf0\u4e39\u534e\u5e9c\u4e09\u671f": [113.97227942175243, 22.593596316431366], "\u4f73\u5146\u4e1a\u524d\u6d77\u5e7f\u573a": [113.89286050113316, 22.50029327191972],